,image,description,context,question,generated_answer,answers
0,images/news/Showjumping_white_horse.jpeg,"A horse and rider jumping over a white obstacle in an equestrian showjumping event, under a cloudy sky.",social_media,"what's the vibe, is it happy are they winning?",yes,"['The vibe is more serious and determined ', 'The atmosphere is very passionate and active. However, it cannot be confirmed whether the match was won.', 'the person is happy, they are doing what they enjoy']"
1,images/social_media/220px-Summer_Games_Done_Quick_attendees_(48149404692).jpeg,"A diverse group of people seated in rows, attentively watching an event, some raising hands to participate.",news,How many people are there?,100,"['More than 50', ""It's a crowd of people, too many to really count."", 'Hundreds of people']"
2,images/shopping/Green_brocade_silk_saree.jpeg,A woman in an elegant green sari with gold details poses beside a red pot on a green backdrop.,shopping,Where was the photo taken?,The photo was taken in a studio.,"['a photo studio', 'Inside a building.']"
3,images/news/Avalanche_on_Everest.jpeg,"An active volcano emitting smoke, viewed from a high vantage point with snow-capped slopes nearby.",science_journals,Where is the volcano located?,The volcano is located in the Andes Mountains in South America.,"['Somewhere cold', 'In the mountains ']"
4,images/shopping/685px-Sofa3800ppx.jpeg,"A beige sofa with four decorative pillows: two green with distinct patterns, one with a blend of muted colors, and a floral print cushion.",shopping,What else is in the room?,"In the room, there is a couch with pillows, a table, and a lamp.","['The photo only shows the sofa, there is nothing else in the picture.', 'There is nothing else visible in the room except the white wall in the background.', 'There is nothing else in the room from the picture advantage view']"
5,images/news/London_Marathon_2005_at_Blackfriars.jpeg,"A crowded marathon with runners on a city street, spectators line the route, and trees and buildings alongside.",social_media,What is the weather like?,It is sunny and clear.,"[""It looks like there's warm weather judging from the clear skies and sun."", 'The sky is blue, and the weather appears to be ideal for a marathon.', 'The weather is party cloudy and hazy with the sun shining through.']"
6,images/news/Avalanche_on_Everest.jpeg,"An active volcano emitting smoke, viewed from a high vantage point with snow-capped slopes nearby.",travel,Is it erupting?,yes,"[""It doesn't look like it as there's no lava, just some smoke."", 'The volcano is erupting smoke.', 'Yes it is erupting or that is what it looks like to me']"
7,images/shopping/Astrid_Andersen_01.jpeg,"A group of male models walk the runway in a fashion show wearing white mesh shirts, a large white jacket, and long white pants. The material is loose.",social_media,What is the ambiance of the room the fashion show is in?,"The ambiance of the room where the fashion show is taking place is energetic and lively. The presence of a large crowd of people, including photographers, suggests that the event is well-attended and has a significant impact on the fashion industry. The atmosphere is likely to be vibrant and engaging, with a focus on showcasing the latest designs and trends in men's","['It is very dark, but the models are illuminated with a white light.', 'stiff, intense, uptight, bleak ', 'It looks warm.']"
8,images/news/ARG_Line-up_-_ARG_vs_MEX_for_2022_FIFA_WC.jpeg,A soccer team in striped blue and white kits poses for a group photo on the field.,shopping,how many players are in the photo,,"['There is eleven players.', 'There are 11 players and a crowd in the background.', 'There are 11 players in the photo.']"
9,images/shopping/340px-Diane_von_Furstenberg_Spring-Summer_2014_07.jpeg,A beautiful African American model walks a bright runway wearing a black dress with intricate gold patterns. She has long black hair and is wearing black heels. Audience members watch from the side.,shopping,What kind of colors make up the runway and background?,"The runway and background consist of black, white, and gold colors.","['The colors are a light-blue/white and yellow/beige color.', 'silver and white', 'White and badge strips']"
10,images/science_journals/Laser_Towards_Milky_Ways_Centre.jpeg,An observatory under a starry sky emits a laser beam into the Milky Way galaxy.,science_journals,what color is the laser beam?,yellow,"['The laser beam is yellow', 'The laser beam is yellow. ', 'The laser beam is yellow.']"
11,images/health/2456.jpg,A bowl of Asian noodle salad with vegetables and herbs.,social_media,Where is it from?,The image is from a restaurant in Singapore.,"[""It is in someone's home near the dinner table."", 'a restaurant ', 'It’s looks like it can be from an Asian restaurant ']"
12,images/travel/13957.jpg,"Entrance to the London Underground at dusk, with iconic roundel sign visible.",news,Is this related to London Underground?,Yes,"['Yes, it is the entrance to London Underground.', 'yes, it is the entrance to the underground', 'Yes,it’s the entrance of the London Underground at dusk.']"
13,images/science_journals/300px-Burnout_ops_on_Mangum_Fire_McCall_Smokejumpers.jpeg,A wildfire engulfs trees in fierce orange flames against a dark background.,social_media,Is any one in trouble? ,1,"[""No, there aren't any people or animals in the image."", 'I do not see any people, but the area is under a lot of flames and could possible spread to other areas.', ""No, there isn't anyone near the fire so nobody is in trouble.""]"
14,images/health/Walking_for_Health_in_Epsom-5Aug2009_(3).jpeg,"A group of people of various ages walking in line along a grassy path, with trees on one side.",health,Does it look like it takes place on a college campus?,No,"['No, it looks like it takes place in some sort of a nature park.', 'No, the image appears to take place along a trail in the forest. ', 'No, it looks like a hiking trail in a rural area. ']"
15,images/news/London_Marathon_2005_at_Blackfriars.jpeg,"A crowded marathon with runners on a city street, spectators line the route, and trees and buildings alongside.",health,are these professional athletes running the marathon?,no,"['Yes, it would appear that these are professional athletes running a marathon', 'By all understanding, yet they are prob professional athletes']"
16,images/travel/2550.jpg,A busy beach scene with colorful kayaks laid out on sand and people milling around.,travel,Are there any kiosks on the beach to buy things from?,"Yes, there are kiosks on the beach to buy things from.","['There do not appear to be any kiosks on the beach. ', 'no']"
17,images/health/2456.jpg,A bowl of Asian noodle salad with vegetables and herbs.,health,What is the bowl sitting on?,The bowl is sitting on a table.,"['I', 'A black table', 'I believe the bowl is sitting on a table.']"
18,images/health/440px-Jogging_Woman_in_Grass.jpeg,"A woman in athletic wear jogs on a hilltop, with her hair flowing behind her. In the distance, a foggy landscape provides a serene backdrop.",health,What color is the clothes that they are wearing?,The woman is wearing black and blue clothes.,"['black and blue', 'black sports bra, black pants, blue at waistband', 'The woman has a black sports bra and blue and black pants']"
19,images/shopping/Electric_kettle.jpeg,"A blue, transparent electric kettle filled with water, showing bubbles as it boils, on a white base with a blank background.",health,Can you see the entire kettle?,Yes,"['Yes, the entire kettle is visible.', 'You can see the entire kettle. But this IS what it looks like from the front. Not side or top view.', 'Yes, the entire kettle is visible in this photo. ']"
20,images/travel/26005.jpg,"A bustling street festival with colorful crowds, smoke from the street, mountains in the backdrop, and a clear blue sky.",news,What kind of decorations are around the festival?,"There are various decorations around the festival, including balloons, flags, and banners. The festival is taking place in a city, and the decorations are likely to be part of the festive atmosphere and celebration.","['Banners on the poles and street signs. ', 'Trees and flags also some booths', 'The only decorations that are visible in the photo is flags on the poles.']"
21,images/travel/Water_skiing_on_the_yarra02.jpeg,"A person in a red and white suit is water skiing on a river, creating a spray of water.",shopping,"Is the  ""suit"" this person wearing a business suit?",no,"[""The suit is made of rubber and covers the person's entire body."", 'The suit is a wet suit to prevent the skier from getting wet in the water. ', 'No, the person is wearing water skiing suit designed to keep them dry while skiing.']"
22,images/science_journals/Laser_Towards_Milky_Ways_Centre.jpeg,An observatory under a starry sky emits a laser beam into the Milky Way galaxy.,science_journals,What is the purpose of the laser beam?,"The laser beam is used to track the movement of the stars and galaxies in the night sky. The Large Binocular Telescope (LBT) in Arizona, USA, is equipped with a laser beam that is directed towards the stars and galaxies in the sky. The laser beam is used to track the movement of these celestial objects, which helps astronomers to study their","['to observe the Milky Way galaxy', 'The purpose of the laser beam is to Help the telescope focus in on a specific part of the sky', 'The laser is used to study the center of the milky way galaxy']"
23,images/social_media/54183.jpg,"A performer sings into a microphone, wearing a yellow outfit with circular patterns, against a blurred background. She has long curly amber hair and light brown skin.",shopping,where is this performer?,concert,"['The background is pretty blurry, but the performer appears to be outside on a fairly sunny day. ', 'The performer is Beyonce', 'on an outdoor stage', ""She's outside in sunny weather performing.""]"
24,images/social_media/Woman_running_barefoot_on_beach.jpeg,"A female is jogging barefoot on a beach, waves gently breaking nearby. She has headphones in.",health,"How healthy does the woman appear to be? (for example, is she overweight?)",no,"['This woman appears to be in great shape and has a normal healthy appearance.', 'She is very healthy, and not overweight.', ""She appears to be healthy. She isn't overweight at all.""]"
25,images/science_journals/Scyliorhinus_canicula_foetus_in_an_egg.jpeg,"A translucent egg case, possibly of a shark or ray, with a visible embryo inside, attached to a branch under water.",science_journals,What does the tree branch look like?,It is a tree branch with a yellow object hanging from it,"[""It has 3 limbs sticking out of it and it's brown"", 'The tree branches are slender and devoid of leaves. They have an uniform brown color. ', ""It's branches are a burnt orange color and it has rigid branches.""]"
26,images/health/440px-Jogging_Woman_in_Grass.jpeg,"A woman in athletic wear jogs on a hilltop, with her hair flowing behind her. In the distance, a foggy landscape provides a serene backdrop.",health,What is the build of the woman?,"The woman is fit and athletic, with a strong build.","['She is healthy and athletic', 'The woman is athletic and has a slim runners build', ""she's thin and well muscled. ""]"
27,images/social_media/Chiara_Ferragni_-_Giorgio_Armani_Show_-_Milan_Fashion_Week_-_23_Sept._2013.jpg,"A woman in a heart-patterned blouse and red skirt poses with sunglasses, a watch, and a patterned bag.",news,Is this an ad?,no,"['no, this looks like a lifestyle piece', ""It doesn't appear to be."", ""No - it looks like a fashion ad, but you can't tell any of the brand names from the picture.""]"
28,images/science_journals/Laser_Towards_Milky_Ways_Centre.jpeg,An observatory under a starry sky emits a laser beam into the Milky Way galaxy.,science_journals,are there any buildings around?,yes,"['Just the observatory', ""An observatory. Looks like there's some type of structure to the top left, but it's hard to see what it is. "", 'I see what appears to be a small building to the left.']"
29,images/social_media/54183.jpg,"A performer sings into a microphone, wearing a yellow outfit with circular patterns, against a blurred background. She has long curly amber hair and light brown skin.",shopping,what is the occasion?,concert,"['For a concert or festival', 'A singer sings into a microphone, wearing a yellow top.', 'singing to the crowd']"
30,images/news/Avalanche_on_Everest.jpeg,"An active volcano emitting smoke, viewed from a high vantage point with snow-capped slopes nearby.",science_journals,"Is there any man-made objects, like buildings around","the mountain? No, there are no man-made objects, like buildings, around the mountain.","['No man-made objects, just rocks and snow.', 'There are no man-made objects around.', 'there are no man-made objects located inside of the image.']"
31,images/science_journals/Shaki_Waterfall2.jpeg,A majestic waterfall cascades over rocks surrounded by lush greenery.,health,Are there any people around?,no,"['There are no people around.', 'No, there are not any people in the photo', 'There are no people in the photo. The area looks peaceful and secluded.']"
32,images/news/Showjumping_white_horse.jpeg,"A horse and rider jumping over a white obstacle in an equestrian showjumping event, under a cloudy sky.",travel,Is this a show type of event or a competition? ,1,"['Yes, an event with horses', 'It looks like it is probably an equestrian competition.', 'The show seems to be a competitive event where riders go on horseback and jump over fences.']"
33,images/travel/Water_skiing_on_the_yarra02.jpeg,"A person in a red and white suit is water skiing on a river, creating a spray of water.",shopping,Is anything else in the picture?,yes,"['Grass in the background', 'There is a brick shack in the background', ""There's a brick building in the upper left-hand corner of the picture and some tall reeds along the shore. ""]"
34,images/science_journals/Laser_Towards_Milky_Ways_Centre.jpeg,An observatory under a starry sky emits a laser beam into the Milky Way galaxy.,science_journals,Does it look like the laser beam is affecting the sky in some way?,"Yes, the laser beam appears to be affecting the sky in the image. It is visible as a bright line extending from the telescope to the milky way, which is a galaxy located far away from Earth. The laser beam is likely used to guide the telescope to specific celestial objects, such as stars or planets, by providing a reference point or a target for the teles","['The laser beam is lighting up a small portion of the sky.', 'it appears that the laser beam is not directly affecting the sky. Instead, it seems to be a visual representation of scientific observation or communication with with space, perhaps for research or data collection.', 'Yes, it looks brighter where the beam is shining ']"
35,images/science_journals/200px-Hot_air_balloon_over_a_pagoda_in_Bagan.jpeg,A hot air balloon flies over a verdant landscape dotted with ancient temples at sunrise.,travel,Can you see the occupants of the balloon,"? Yes, the balloon is carrying people.","['No you cannot see the occupants of the balloon.', 'No, you cannot see the occupants of the balloon.', 'No, occupants of the balloon are not visible. ']"
36,images/health/Amanda_Francozo_At_The_Runner_Sports-5.jpeg,"A woman in a yellow tank top and black shorts is exercising on a gym machine, with other gym equipment and patrons in the background.",health,What exercize is she doing,? She is doing leg curls.,"['It looks as if she is using the gym machine to exercise her calf muscles and the muscles in the back of her thighs.', 'She is using a machine to work her calf muscles.', 'straightening her body']"
37,images/health/Cycling_in_Amsterdam_(893).jpeg,"Two people, an adult and a child, are joyfully riding bikes down a city street, both smiling and wearing knitted hats.",health,Are they having a good time?,yes,"['They appear to be having a good time. The child is smiling and they are looking at each other. ', 'They are having a good time.', ""An adult and a child are looking at each other and smiling so they're having a good time. ""]"
38,images/shopping/Electric_kettle.jpeg,"A blue, transparent electric kettle filled with water, showing bubbles as it boils, on a white base with a blank background.",shopping,How big are the bubbles?,1,"['The bubbles are fairly large', 'large bubbles, the water is in a rolling boil ']"
39,images/travel/30208.jpg,"Aerial city view at dusk, with historic buildings under a pastel-hued sky.",social_media,Are there neon or bright signs that can be seen?,"Yes, there are neon or bright signs that can be seen in the city.","['There are no neon or bright signs as it is the day time', ""No, it's daylight. ""]"
40,images/news/220px-Whales_Bubble_Net_Feeding-edit1.jpeg,"A group of humpback whales is breaching with their mouths open in the ocean, with a seagull flying overhead.",travel,is the image taken up close?,no,"['The image is taken from afar', 'From afar but zoomed in.', 'not at all']"
41,images/science_journals/260px-Tidepools_Small.jpeg,"A tide pool with marine life, including sea anemones and algae, nestled among rocks.",science_journals,"Is it a ""top down"" image, or can you see the ocean or the sky too in the image?",top down,"['It is a top down image, but you cannot see the ocean or sky.', 'The image is top down, sky is visible from this image, the camera is directly pointed into the ocean. ', ""It's a top-down image. You can only see the tidepool and its inhabitants. ""]"
42,images/travel/440px-Naufragio_por_Gustavo_Gerdel.jpeg,"A diver explores a sunken shipwreck near a coral reef underwater, the diver has a pair of swimming flippers on and is wearing an oxygen tank. The image is shown to be underwater.",shopping,"How large are the flippers, compared to the size of their feet?","The flippers are quite large, as they are used to help the scuba diver move through the water and navigate through the ocean. The flippers are typically larger than the size of the scuba diver's feet, as they are designed to provide a significant amount of propulsion and movement in the water.","[""The flippers are about twice the size of the diver's feet. "", 'The flippers are much longer than their feet. ']"
43,images/social_media/170px-Baked_goods.jpeg,Baskets of fresh baked rolls and cornbread with honey on the side.,health,Is there anything about the honey being organic?,"No, the honey is not mentioned in the image.","['No, there is nothing that says the honey is organic.', 'No, it appears to be a clear jar of honey without text or indication.', 'the honey is in a mason jar with a traditional scoop in it, but there is no visual indication that it is organic ']"
44,images/science_journals/EmissionNebula_NGC6357.jpeg,"This is an image of a star-forming nebula, with glowing gas, dust, and bright stars.",science_journals,What shape is the nebula in?,star,"['It is hard to say, but it sort of resembles a large mountain.', 'Looks like a star to me, hovering over a gaseous area.', 'It almost looks like a mountain, with stars above it']"
45,images/shopping/685px-Sofa3800ppx.jpeg,"A beige sofa with four decorative pillows: two green with distinct patterns, one with a blend of muted colors, and a floral print cushion.",shopping,How big is the sofa and the pillows?,"The sofa is a small size, and the pillows are also small.","[""Medium sized, it has 3 distinct sections but doesn't seem large. "", 'The sofa appears to be standard size and the pillows are also average size to small.']"
46,images/social_media/170px-Baked_goods.jpeg,Baskets of fresh baked rolls and cornbread with honey on the side.,social_media,How many baskets are their?,4,"['There are three baskets', 'three baskets ', 'There are 3 baskets.']"
47,images/health/Amanda_Francozo_At_The_Runner_Sports-5.jpeg,"A woman in a yellow tank top and black shorts is exercising on a gym machine, with other gym equipment and patrons in the background.",shopping,What materials are the clothing items?,The clothing items are made of cotton and spandex.,"['The materials are difficult to tell but it is assumed to be polyester as that is typically used in athletic wear. ', 'Most likely synthetic fibers like polyester or nylon', 'Appears to be polyester, stretchable spandex type material.']"
48,images/travel/Wdomenada2003b.jpeg,Two people cross-country skiing on a snow-covered slope with mountains in the distance.,shopping,How steep is the slope?,very steep,"['It is pretty steep; it looks to be around 45 degrees.', 'It is a moderately steep uphill slope.', 'The slope is moderately steep.']"
49,images/news/220px-Whales_Bubble_Net_Feeding-edit1.jpeg,"A group of humpback whales is breaching with their mouths open in the ocean, with a seagull flying overhead.",travel,Is the image taken by a professional?,Yes,"['No, the image appears to be an amateur photograph.', 'Judging from my untrained eye it does look like a professional took this picture', 'yes it looks like a professional image']"
50,images/travel/30208.jpg,"Aerial city view at dusk, with historic buildings under a pastel-hued sky.",social_media,how high is the aerial view,of the city?,"['From the rooftop of a medium-tall building. ', 'The aerial view is taken from the perspective of a tall building.', 'the view looks like it is from the roof of a 8 story building']"
51,images/science_journals/Common_stingray_tenerife.jpeg,"A stingray blends into sandy ocean bottom, its shape barely discernible except for two eyes and a slender tail.",travel,Is there anything in the background?,yes,"['Sand that makes up the ocean floor.', 'Nothing notable in the background, just rocks / sand.', ""There appear to be two or three rocks near the stingray's tail. There also appear to be traces of clay within the sand.""]"
52,images/health/440px-Jogging_Woman_in_Grass.jpeg,"A woman in athletic wear jogs on a hilltop, with her hair flowing behind her. In the distance, a foggy landscape provides a serene backdrop.",social_media,Does the woman notice the picture is being taken?,No,"[""No, she doesn't appear to notice."", 'no she does not', ""I'm going to assume that women way paid to exercise for this picture otherwise it'd be rude to take a photo of a stranger ""]"
53,images/shopping/685px-Sofa3800ppx.jpeg,"A beige sofa with four decorative pillows: two green with distinct patterns, one with a blend of muted colors, and a floral print cushion.",shopping,What do the patterns look like?,floral,"['The patterns are floral ', 'The patterns have a floral look took them for two of the pillows but the rest are too generic to give them a proper description', 'there are 2 floral patterns, one striped pattern, and one embroidered pattern']"
54,images/science_journals/Scyliorhinus_canicula_foetus_in_an_egg.jpeg,"A translucent egg case, possibly of a shark or ray, with a visible embryo inside, attached to a branch under water.",science_journals,What details of the embryo can be seen?,"The details of the embryo that can be seen in the photograph are the eyes, the tail, and the body of the animal.","['You can see the outline of the embryo pressed up against the case.', 'There is a head, mouth, body, and some fins. There is a tube connecting the body to a sac', ""The details seen on the embryo are the translucent egg case, the embryo inside the case & the branch that it's attached to underwater"", 'The head and body of the embryo can be seen.']"
55,"images/travel/Hiking_to_the_Ice_Lakes._San_Juan_National_Forest,_Colorado.jpg",A person hiking on a winding trail through a lush green forest with tall pine trees. Majestic snow-capped mountains rise in the distance.,health,What else is on the trail?,"There is a person walking on the trail, and there are trees and grass on the trail.","['There are plants and greenery lining the trail.  The trail is a dirt path. There is nothing else on the trail.', 'The trail itself only has the hiker on it, but beside the trail is short bright green foliage. ', 'The trail appears to consist of rocks and dirt.']"
56,images/news/Astronauts_in_weightlessness.jpeg,"People in blue uniforms float inside a plane's cabin, experiencing zero gravity.",news,Are these people astronauts?,yes,"['Yes, they are astronauts.', 'They are most likely astronauts because they are in outer space', 'based on the image and zero gravity, they look like astronauts']"
57,images/news/Astronauts_in_weightlessness.jpeg,"People in blue uniforms float inside a plane's cabin, experiencing zero gravity.",news,Are they in a centrifuge? ,1,"[""No, they're in a hollowed-out diving airplane."", 'They are not, they are in a spaceship', 'Yes they seem to be in a centrifuge. ']"
58,images/health/Foods_(cropped).jpeg,"A variety of fresh fruits, vegetables, and nuts are arranged on a wooden surface. There's a basket of apples, a watermelon slice, and grains.",social_media,What type of grains are there?,"There are several types of grains in the picture, including rice, wheat, and oats.","['Buckwheat, oats, wheat, rice , corn ', 'wheat, rice or possibly quinoa', 'There is wheat and possibly some other grains in ground form']"
59,images/science_journals/Scyliorhinus_canicula_foetus_in_an_egg.jpeg,"A translucent egg case, possibly of a shark or ray, with a visible embryo inside, attached to a branch under water.",science_journals,is the picture black and white or in color,,"['The picture is in color', 'The picture is in color', 'It is in color.']"
60,images/health/440px-Jogging_Woman_in_Grass.jpeg,"A woman in athletic wear jogs on a hilltop, with her hair flowing behind her. In the distance, a foggy landscape provides a serene backdrop.",health,What color is the clothes that they are wearing?,The woman is wearing black and blue clothes.,"['black sports bra, black pants, blue at waistband', 'The woman has a black sports bra and blue and black pants', 'Black sports bra and black pants, with a blue towel or shirt hanging from her waist ']"
61,images/science_journals/Scyliorhinus_canicula_foetus_in_an_egg.jpeg,"A translucent egg case, possibly of a shark or ray, with a visible embryo inside, attached to a branch under water.",science_journals,What color is the water?,blue,"['The water appears blue in the photo.', 'The water is blue.', 'the water is blue']"
62,images/news/Astronauts_in_weightlessness.jpeg,"People in blue uniforms float inside a plane's cabin, experiencing zero gravity.",news,Why are they experiencing no gravity?,They are in space,"['After the airplane gains enough altitude, it takes a dive at a certain decline. This causes the cabin to have a zero gravity atmosphere which causes people and things to float around in it.', 'They are astronauts in a space simulator. ', 'Because they are in space and there is no gravity there']"
