,image,description,context,question,prompt,generated_answer,answers
0,images/news/Showjumping_white_horse.jpeg,"A horse and rider jumping over a white obstacle in an equestrian showjumping event, under a cloudy sky.",social_media,"what's the vibe, is it happy are they winning?","Context: social_media Description: A horse and rider jumping over a white obstacle in an equestrian showjumping event, under a cloudy sky. Question: what's the vibe, is it happy are they winning?","The vibe in the image is energetic and competitive, as the horse and rider are actively","['The vibe is more serious and determined ', 'The atmosphere is very passionate and active. However, it cannot be confirmed whether the match was won.', 'the person is happy, they are doing what they enjoy']"
1,images/social_media/220px-Summer_Games_Done_Quick_attendees_(48149404692).jpeg,"A diverse group of people seated in rows, attentively watching an event, some raising hands to participate.",news,How many people are there?,"Context: news Description: A diverse group of people seated in rows, attentively watching an event, some raising hands to participate. Question: How many people are there?","There are many people in the image, but I cannot provide an exact number without more specific information. The group consists","['More than 50', ""It's a crowd of people, too many to really count."", 'Hundreds of people']"
2,images/shopping/Green_brocade_silk_saree.jpeg,A woman in an elegant green sari with gold details poses beside a red pot on a green backdrop.,shopping,Where was the photo taken?,Context: shopping Description: A woman in an elegant green sari with gold details poses beside a red pot on a green backdrop. Question: Where was the photo taken?,"The photo was taken in a store, likely a specialty store or a boutique that sells clothing or","['a photo studio', 'Inside a building.']"
3,images/news/Avalanche_on_Everest.jpeg,"An active volcano emitting smoke, viewed from a high vantage point with snow-capped slopes nearby.",science_journals,Where is the volcano located?,"Context: science_journals Description: An active volcano emitting smoke, viewed from a high vantage point with snow-capped slopes nearby. Question: Where is the volcano located?","The volcano is located in a mountainous region, as evidenced by the snow-capped slop","['Somewhere cold', 'In the mountains ']"
4,images/shopping/685px-Sofa3800ppx.jpeg,"A beige sofa with four decorative pillows: two green with distinct patterns, one with a blend of muted colors, and a floral print cushion.",shopping,What else is in the room?,"Context: shopping Description: A beige sofa with four decorative pillows: two green with distinct patterns, one with a blend of muted colors, and a floral print cushion. Question: What else is in the room?","In the room, there is a beige couch with four decorative pillows on it. The couch","['The photo only shows the sofa, there is nothing else in the picture.', 'There is nothing else visible in the room except the white wall in the background.', 'There is nothing else in the room from the picture advantage view']"
5,images/news/London_Marathon_2005_at_Blackfriars.jpeg,"A crowded marathon with runners on a city street, spectators line the route, and trees and buildings alongside.",social_media,What is the weather like?,"Context: social_media Description: A crowded marathon with runners on a city street, spectators line the route, and trees and buildings alongside. Question: What is the weather like?","The weather in the image appears to be sunny, as the large group of people is running in the sun.","[""It looks like there's warm weather judging from the clear skies and sun."", 'The sky is blue, and the weather appears to be ideal for a marathon.', 'The weather is party cloudy and hazy with the sun shining through.']"
6,images/news/Avalanche_on_Everest.jpeg,"An active volcano emitting smoke, viewed from a high vantage point with snow-capped slopes nearby.",travel,Is it erupting?,"Context: travel Description: An active volcano emitting smoke, viewed from a high vantage point with snow-capped slopes nearby. Question: Is it erupting?","Yes, the image shows an active volcano emitting smoke, which indicates that it is erupting. The","[""It doesn't look like it as there's no lava, just some smoke."", 'The volcano is erupting smoke.', 'Yes it is erupting or that is what it looks like to me']"
7,images/shopping/Astrid_Andersen_01.jpeg,"A group of male models walk the runway in a fashion show wearing white mesh shirts, a large white jacket, and long white pants. The material is loose.",social_media,What is the ambiance of the room the fashion show is in?,"Context: social_media Description: A group of male models walk the runway in a fashion show wearing white mesh shirts, a large white jacket, and long white pants. The material is loose. Question: What is the ambiance of the room the fashion show is in?","The ambiance of the room in the fashion show is likely to be elegant and sophisticated, with a","['It is very dark, but the models are illuminated with a white light.', 'stiff, intense, uptight, bleak ', 'It looks warm.']"
8,images/news/ARG_Line-up_-_ARG_vs_MEX_for_2022_FIFA_WC.jpeg,A soccer team in striped blue and white kits poses for a group photo on the field.,shopping,how many players are in the photo,Context: shopping Description: A soccer team in striped blue and white kits poses for a group photo on the field. Question: how many players are in the photo,There are 11 players in the photo.,"['There is eleven players.', 'There are 11 players and a crowd in the background.', 'There are 11 players in the photo.']"
9,images/shopping/340px-Diane_von_Furstenberg_Spring-Summer_2014_07.jpeg,A beautiful African American model walks a bright runway wearing a black dress with intricate gold patterns. She has long black hair and is wearing black heels. Audience members watch from the side.,shopping,What kind of colors make up the runway and background?,Context: shopping Description: A beautiful African American model walks a bright runway wearing a black dress with intricate gold patterns. She has long black hair and is wearing black heels. Audience members watch from the side. Question: What kind of colors make up the runway and background?,"The runway and background are predominantly white, creating a clean and minimalist appearance.","['The colors are a light-blue/white and yellow/beige color.', 'silver and white', 'White and badge strips']"
10,images/science_journals/Laser_Towards_Milky_Ways_Centre.jpeg,An observatory under a starry sky emits a laser beam into the Milky Way galaxy.,science_journals,what color is the laser beam?,Context: science_journals Description: An observatory under a starry sky emits a laser beam into the Milky Way galaxy. Question: what color is the laser beam?,The laser beam is yellow.,"['The laser beam is yellow', 'The laser beam is yellow. ', 'The laser beam is yellow.']"
11,images/health/2456.jpg,A bowl of Asian noodle salad with vegetables and herbs.,social_media,Where is it from?,Context: social_media Description: A bowl of Asian noodle salad with vegetables and herbs. Question: Where is it from?,"The image shows a bowl of Asian noodle salad with vegetables and herbs, placed on a","[""It is in someone's home near the dinner table."", 'a restaurant ', 'It’s looks like it can be from an Asian restaurant ']"
12,images/travel/13957.jpg,"Entrance to the London Underground at dusk, with iconic roundel sign visible.",news,Is this related to London Underground?,"Context: news Description: Entrance to the London Underground at dusk, with iconic roundel sign visible. Question: Is this related to London Underground?","Yes, this image is related to the London Underground, as it shows the entrance to the subway system at","['Yes, it is the entrance to London Underground.', 'yes, it is the entrance to the underground', 'Yes,it’s the entrance of the London Underground at dusk.']"
13,images/science_journals/300px-Burnout_ops_on_Mangum_Fire_McCall_Smokejumpers.jpeg,A wildfire engulfs trees in fierce orange flames against a dark background.,social_media,Is any one in trouble? ,Context: social_media Description: A wildfire engulfs trees in fierce orange flames against a dark background. Question: Is any one in trouble? ,"No, there are no people in trouble in the image. The focus is on the wildfire and the trees being","[""No, there aren't any people or animals in the image."", 'I do not see any people, but the area is under a lot of flames and could possible spread to other areas.', ""No, there isn't anyone near the fire so nobody is in trouble.""]"
14,images/health/Walking_for_Health_in_Epsom-5Aug2009_(3).jpeg,"A group of people of various ages walking in line along a grassy path, with trees on one side.",health,Does it look like it takes place on a college campus?,"Context: health Description: A group of people of various ages walking in line along a grassy path, with trees on one side. Question: Does it look like it takes place on a college campus?","No, it does not look like it takes place on a college campus. The image shows a group of people walking","['No, it looks like it takes place in some sort of a nature park.', 'No, the image appears to take place along a trail in the forest. ', 'No, it looks like a hiking trail in a rural area. ']"
15,images/news/London_Marathon_2005_at_Blackfriars.jpeg,"A crowded marathon with runners on a city street, spectators line the route, and trees and buildings alongside.",health,are these professional athletes running the marathon?,"Context: health Description: A crowded marathon with runners on a city street, spectators line the route, and trees and buildings alongside. Question: are these professional athletes running the marathon?","Yes, these are professional athletes running the marathon. The image shows a large group of people participating in","['Yes, it would appear that these are professional athletes running a marathon', 'By all understanding, yet they are prob professional athletes']"
16,images/travel/2550.jpg,A busy beach scene with colorful kayaks laid out on sand and people milling around.,travel,Are there any kiosks on the beach to buy things from?,Context: travel Description: A busy beach scene with colorful kayaks laid out on sand and people milling around. Question: Are there any kiosks on the beach to buy things from?,"Yes, there are kiosks on the beach where people can buy things.","['There do not appear to be any kiosks on the beach. ', 'no']"
17,images/health/2456.jpg,A bowl of Asian noodle salad with vegetables and herbs.,health,What is the bowl sitting on?,Context: health Description: A bowl of Asian noodle salad with vegetables and herbs. Question: What is the bowl sitting on?,The bowl is sitting on a table.,"['A black table', 'I believe the bowl is sitting on a table.']"
18,images/health/440px-Jogging_Woman_in_Grass.jpeg,"A woman in athletic wear jogs on a hilltop, with her hair flowing behind her. In the distance, a foggy landscape provides a serene backdrop.",health,What color is the clothes that they are wearing?,"Context: health Description: A woman in athletic wear jogs on a hilltop, with her hair flowing behind her. In the distance, a foggy landscape provides a serene backdrop. Question: What color is the clothes that they are wearing?",The woman in the image is wearing black clothes.,"['black and blue', 'black sports bra, black pants, blue at waistband', 'The woman has a black sports bra and blue and black pants']"
19,images/shopping/Electric_kettle.jpeg,"A blue, transparent electric kettle filled with water, showing bubbles as it boils, on a white base with a blank background.",health,Can you see the entire kettle?,"Context: health Description: A blue, transparent electric kettle filled with water, showing bubbles as it boils, on a white base with a blank background. Question: Can you see the entire kettle?","Yes, the entire kettle is visible in the image.","['Yes, the entire kettle is visible.', 'You can see the entire kettle. But this IS what it looks like from the front. Not side or top view.', 'Yes, the entire kettle is visible in this photo. ']"
20,images/travel/26005.jpg,"A bustling street festival with colorful crowds, smoke from the street, mountains in the backdrop, and a clear blue sky.",news,What kind of decorations are around the festival?,"Context: news Description: A bustling street festival with colorful crowds, smoke from the street, mountains in the backdrop, and a clear blue sky. Question: What kind of decorations are around the festival?","The festival is decorated with colorful umbrellas, which add a vibrant and lively atmosphere","['Banners on the poles and street signs. ', 'Trees and flags also some booths', 'The only decorations that are visible in the photo is flags on the poles.']"
21,images/travel/Water_skiing_on_the_yarra02.jpeg,"A person in a red and white suit is water skiing on a river, creating a spray of water.",shopping,"Is the  ""suit"" this person wearing a business suit?","Context: shopping Description: A person in a red and white suit is water skiing on a river, creating a spray of water. Question: Is the  ""suit"" this person wearing a business suit?","No, the person is not wearing a business suit. They are wearing a red and white water skiing","[""The suit is made of rubber and covers the person's entire body."", 'The suit is a wet suit to prevent the skier from getting wet in the water. ', 'No, the person is wearing water skiing suit designed to keep them dry while skiing.']"
22,images/science_journals/Laser_Towards_Milky_Ways_Centre.jpeg,An observatory under a starry sky emits a laser beam into the Milky Way galaxy.,science_journals,What is the purpose of the laser beam?,Context: science_journals Description: An observatory under a starry sky emits a laser beam into the Milky Way galaxy. Question: What is the purpose of the laser beam?,The purpose of the laser beam is to help astronomers and scientists study celestial objects and phenomena,"['to observe the Milky Way galaxy', 'The purpose of the laser beam is to Help the telescope focus in on a specific part of the sky', 'The laser is used to study the center of the milky way galaxy']"
23,images/social_media/54183.jpg,"A performer sings into a microphone, wearing a yellow outfit with circular patterns, against a blurred background. She has long curly amber hair and light brown skin.",shopping,where is this performer?,"Context: shopping Description: A performer sings into a microphone, wearing a yellow outfit with circular patterns, against a blurred background. She has long curly amber hair and light brown skin. Question: where is this performer?","The performer is in a shopping area, singing into a microphone and wearing a yellow outfit with","['The background is pretty blurry, but the performer appears to be outside on a fairly sunny day. ', 'on an outdoor stage', ""She's outside in sunny weather performing.""]"
24,images/social_media/Woman_running_barefoot_on_beach.jpeg,"A female is jogging barefoot on a beach, waves gently breaking nearby. She has headphones in.",health,"How healthy does the woman appear to be? (for example, is she overweight?)","Context: health Description: A female is jogging barefoot on a beach, waves gently breaking nearby. She has headphones in. Question: How healthy does the woman appear to be? (for example, is she overweight?)","The woman appears to be in good health, as she is jogging on the beach and is not overweight.","['This woman appears to be in great shape and has a normal healthy appearance.', 'She is very healthy, and not overweight.', ""She appears to be healthy. She isn't overweight at all.""]"
25,images/science_journals/Scyliorhinus_canicula_foetus_in_an_egg.jpeg,"A translucent egg case, possibly of a shark or ray, with a visible embryo inside, attached to a branch under water.",science_journals,What does the tree branch look like?,"Context: science_journals Description: A translucent egg case, possibly of a shark or ray, with a visible embryo inside, attached to a branch under water. Question: What does the tree branch look like?","The tree branch appears to be thin and has a few twigs. It is located underwater, and it is","[""It has 3 limbs sticking out of it and it's brown"", 'The tree branches are slender and devoid of leaves. They have an uniform brown color. ', ""It's branches are a burnt orange color and it has rigid branches.""]"
26,images/health/440px-Jogging_Woman_in_Grass.jpeg,"A woman in athletic wear jogs on a hilltop, with her hair flowing behind her. In the distance, a foggy landscape provides a serene backdrop.",health,What is the build of the woman?,"Context: health Description: A woman in athletic wear jogs on a hilltop, with her hair flowing behind her. In the distance, a foggy landscape provides a serene backdrop. Question: What is the build of the woman?",The woman in the image is described as having a thin build.,"['She is healthy and athletic', 'The woman is athletic and has a slim runners build', ""she's thin and well muscled. ""]"
27,images/social_media/Chiara_Ferragni_-_Giorgio_Armani_Show_-_Milan_Fashion_Week_-_23_Sept._2013.jpg,"A woman in a heart-patterned blouse and red skirt poses with sunglasses, a watch, and a patterned bag.",news,Is this an ad?,"Context: news Description: A woman in a heart-patterned blouse and red skirt poses with sunglasses, a watch, and a patterned bag. Question: Is this an ad?","No, this is not an ad. The image shows a woman wearing a heart-patterned blouse and","['no, this looks like a lifestyle piece', ""It doesn't appear to be."", ""No - it looks like a fashion ad, but you can't tell any of the brand names from the picture.""]"
28,images/science_journals/Laser_Towards_Milky_Ways_Centre.jpeg,An observatory under a starry sky emits a laser beam into the Milky Way galaxy.,science_journals,are there any buildings around?,Context: science_journals Description: An observatory under a starry sky emits a laser beam into the Milky Way galaxy. Question: are there any buildings around?,"Yes, there is a building around the observatory. The building is located next to the observatory, and it","['Just the observatory', ""An observatory. Looks like there's some type of structure to the top left, but it's hard to see what it is. "", 'I see what appears to be a small building to the left.']"
29,images/social_media/54183.jpg,"A performer sings into a microphone, wearing a yellow outfit with circular patterns, against a blurred background. She has long curly amber hair and light brown skin.",shopping,what is the occasion?,"Context: shopping Description: A performer sings into a microphone, wearing a yellow outfit with circular patterns, against a blurred background. She has long curly amber hair and light brown skin. Question: what is the occasion?","The occasion appears to be a shopping event or a promotional event, as the performer is singing into","['For a concert or festival', 'A singer sings into a microphone, wearing a yellow top.', 'singing to the crowd']"
30,images/news/Avalanche_on_Everest.jpeg,"An active volcano emitting smoke, viewed from a high vantage point with snow-capped slopes nearby.",science_journals,"Is there any man-made objects, like buildings around","Context: science_journals Description: An active volcano emitting smoke, viewed from a high vantage point with snow-capped slopes nearby. Question: Is there any man-made objects, like buildings around","Yes, there is a building visible in the image, located near the snow-capped slopes and the","['No man-made objects, just rocks and snow.', 'There are no man-made objects around.', 'there are no man-made objects located inside of the image.']"
31,images/science_journals/Shaki_Waterfall2.jpeg,A majestic waterfall cascades over rocks surrounded by lush greenery.,health,Are there any people around?,Context: health Description: A majestic waterfall cascades over rocks surrounded by lush greenery. Question: Are there any people around?,"No, there are no people around the waterfall. The image shows a beautiful, untouched natural scene with","['There are no people around.', 'No, there are not any people in the photo', 'There are no people in the photo. The area looks peaceful and secluded.']"
32,images/news/Showjumping_white_horse.jpeg,"A horse and rider jumping over a white obstacle in an equestrian showjumping event, under a cloudy sky.",travel,Is this a show type of event or a competition? ,"Context: travel Description: A horse and rider jumping over a white obstacle in an equestrian showjumping event, under a cloudy sky. Question: Is this a show type of event or a competition? ","Based on the image, it appears to be a show or competition type of event, as the horse and rider","['Yes, an event with horses', 'It looks like it is probably an equestrian competition.', 'The show seems to be a competitive event where riders go on horseback and jump over fences.']"
33,images/travel/Water_skiing_on_the_yarra02.jpeg,"A person in a red and white suit is water skiing on a river, creating a spray of water.",shopping,Is anything else in the picture?,"Context: shopping Description: A person in a red and white suit is water skiing on a river, creating a spray of water. Question: Is anything else in the picture?","Yes, there is a brick wall visible in the image, located near the water skier.","['Grass in the background', 'There is a brick shack in the background', ""There's a brick building in the upper left-hand corner of the picture and some tall reeds along the shore. ""]"
34,images/science_journals/Laser_Towards_Milky_Ways_Centre.jpeg,An observatory under a starry sky emits a laser beam into the Milky Way galaxy.,science_journals,Does it look like the laser beam is affecting the sky in some way?,Context: science_journals Description: An observatory under a starry sky emits a laser beam into the Milky Way galaxy. Question: Does it look like the laser beam is affecting the sky in some way?,"The laser beam emitted from the observatory appears to be traveling through the Milky Way galaxy,","['The laser beam is lighting up a small portion of the sky.', 'it appears that the laser beam is not directly affecting the sky. Instead, it seems to be a visual representation of scientific observation or communication with with space, perhaps for research or data collection.', 'Yes, it looks brighter where the beam is shining ']"
35,images/science_journals/200px-Hot_air_balloon_over_a_pagoda_in_Bagan.jpeg,A hot air balloon flies over a verdant landscape dotted with ancient temples at sunrise.,travel,Can you see the occupants of the balloon,Context: travel Description: A hot air balloon flies over a verdant landscape dotted with ancient temples at sunrise. Question: Can you see the occupants of the balloon,"No, the image does not provide enough information to see the occupants of the balloon.","['No you cannot see the occupants of the balloon.', 'No, you cannot see the occupants of the balloon.', 'No, occupants of the balloon are not visible. ']"
36,images/health/Amanda_Francozo_At_The_Runner_Sports-5.jpeg,"A woman in a yellow tank top and black shorts is exercising on a gym machine, with other gym equipment and patrons in the background.",health,What exercize is she doing,"Context: health Description: A woman in a yellow tank top and black shorts is exercising on a gym machine, with other gym equipment and patrons in the background. Question: What exercize is she doing",The woman in the yellow tank top and black shorts is doing a leg exercise on a gym machine.,"['It looks as if she is using the gym machine to exercise her calf muscles and the muscles in the back of her thighs.', 'She is using a machine to work her calf muscles.', 'straightening her body']"
37,images/health/Cycling_in_Amsterdam_(893).jpeg,"Two people, an adult and a child, are joyfully riding bikes down a city street, both smiling and wearing knitted hats.",health,Are they having a good time?,"Context: health Description: Two people, an adult and a child, are joyfully riding bikes down a city street, both smiling and wearing knitted hats. Question: Are they having a good time?","Yes, the adult and the child are having a good time as they ride their bikes together down the city street","['They appear to be having a good time. The child is smiling and they are looking at each other. ', 'They are having a good time.', ""An adult and a child are looking at each other and smiling so they're having a good time. ""]"
38,images/shopping/Electric_kettle.jpeg,"A blue, transparent electric kettle filled with water, showing bubbles as it boils, on a white base with a blank background.",shopping,How big are the bubbles?,"Context: shopping Description: A blue, transparent electric kettle filled with water, showing bubbles as it boils, on a white base with a blank background. Question: How big are the bubbles?","The bubbles in the kettle are relatively small, indicating that the water is heating up and starting","['The bubbles are fairly large', 'large bubbles, the water is in a rolling boil ']"
39,images/travel/30208.jpg,"Aerial city view at dusk, with historic buildings under a pastel-hued sky.",social_media,Are there neon or bright signs that can be seen?,"Context: social_media Description: Aerial city view at dusk, with historic buildings under a pastel-hued sky. Question: Are there neon or bright signs that can be seen?","Yes, there are neon signs visible in the image, adding to the vibrant atmosphere of the city at","['There are no neon or bright signs as it is the day time', ""No, it's daylight. ""]"
40,images/news/220px-Whales_Bubble_Net_Feeding-edit1.jpeg,"A group of humpback whales is breaching with their mouths open in the ocean, with a seagull flying overhead.",travel,is the image taken up close?,"Context: travel Description: A group of humpback whales is breaching with their mouths open in the ocean, with a seagull flying overhead. Question: is the image taken up close?","Yes, the image is taken up close, capturing the whales' mouths opening as they breach in","['The image is taken from afar', 'From afar but zoomed in.', 'not at all']"
41,images/science_journals/260px-Tidepools_Small.jpeg,"A tide pool with marine life, including sea anemones and algae, nestled among rocks.",science_journals,"Is it a ""top down"" image, or can you see the ocean or the sky too in the image?","Context: science_journals Description: A tide pool with marine life, including sea anemones and algae, nestled among rocks. Question: Is it a ""top down"" image, or can you see the ocean or the sky too in the image?","The image is a ""top down"" view of a tide pool, focusing on the marine life and the","['It is a top down image, but you cannot see the ocean or sky.', 'The image is top down, sky is visible from this image, the camera is directly pointed into the ocean. ', ""It's a top-down image. You can only see the tidepool and its inhabitants. ""]"
42,images/travel/440px-Naufragio_por_Gustavo_Gerdel.jpeg,"A diver explores a sunken shipwreck near a coral reef underwater, the diver has a pair of swimming flippers on and is wearing an oxygen tank. The image is shown to be underwater.",shopping,"How large are the flippers, compared to the size of their feet?","Context: shopping Description: A diver explores a sunken shipwreck near a coral reef underwater, the diver has a pair of swimming flippers on and is wearing an oxygen tank. The image is shown to be underwater. Question: How large are the flippers, compared to the size of their feet?",The flippers are quite large compared to the size of the diver's feet. They are large enough to,"[""The flippers are about twice the size of the diver's feet. "", 'The flippers are much longer than their feet. ']"
43,images/social_media/170px-Baked_goods.jpeg,Baskets of fresh baked rolls and cornbread with honey on the side.,health,Is there anything about the honey being organic?,Context: health Description: Baskets of fresh baked rolls and cornbread with honey on the side. Question: Is there anything about the honey being organic?,"Based on the image, it is not possible to determine if the honey is organic or not. However,","['No, there is nothing that says the honey is organic.', 'No, it appears to be a clear jar of honey without text or indication.', 'the honey is in a mason jar with a traditional scoop in it, but there is no visual indication that it is organic ']"
44,images/science_journals/EmissionNebula_NGC6357.jpeg,"This is an image of a star-forming nebula, with glowing gas, dust, and bright stars.",science_journals,What shape is the nebula in?,"Context: science_journals Description: This is an image of a star-forming nebula, with glowing gas, dust, and bright stars. Question: What shape is the nebula in?",The nebula in the image is shaped like a mountain.,"['It is hard to say, but it sort of resembles a large mountain.', 'Looks like a star to me, hovering over a gaseous area.', 'It almost looks like a mountain, with stars above it']"
45,images/shopping/685px-Sofa3800ppx.jpeg,"A beige sofa with four decorative pillows: two green with distinct patterns, one with a blend of muted colors, and a floral print cushion.",shopping,How big is the sofa and the pillows?,"Context: shopping Description: A beige sofa with four decorative pillows: two green with distinct patterns, one with a blend of muted colors, and a floral print cushion. Question: How big is the sofa and the pillows?","The sofa is large, and the pillows are of various sizes. The two green pillows are the largest","[""Medium sized, it has 3 distinct sections but doesn't seem large. "", 'The sofa appears to be standard size and the pillows are also average size to small.']"
46,images/social_media/170px-Baked_goods.jpeg,Baskets of fresh baked rolls and cornbread with honey on the side.,social_media,How many baskets are their?,Context: social_media Description: Baskets of fresh baked rolls and cornbread with honey on the side. Question: How many baskets are their?,There are three baskets of fresh baked rolls and cornbread on the table.,"['There are three baskets', 'three baskets ', 'There are 3 baskets.']"
47,images/health/Amanda_Francozo_At_The_Runner_Sports-5.jpeg,"A woman in a yellow tank top and black shorts is exercising on a gym machine, with other gym equipment and patrons in the background.",shopping,What materials are the clothing items?,"Context: shopping Description: A woman in a yellow tank top and black shorts is exercising on a gym machine, with other gym equipment and patrons in the background. Question: What materials are the clothing items?",The woman is wearing a yellow tank top and black shorts. The tank top is made of a lightweight,"['The materials are difficult to tell but it is assumed to be polyester as that is typically used in athletic wear. ', 'Most likely synthetic fibers like polyester or nylon', 'Appears to be polyester, stretchable spandex type material.']"
48,images/travel/Wdomenada2003b.jpeg,Two people cross-country skiing on a snow-covered slope with mountains in the distance.,shopping,How steep is the slope?,Context: shopping Description: Two people cross-country skiing on a snow-covered slope with mountains in the distance. Question: How steep is the slope?,"The slope appears to be relatively steep, as the two people are skiing up the hill.","['It is pretty steep; it looks to be around 45 degrees.', 'It is a moderately steep uphill slope.', 'The slope is moderately steep.']"
49,images/news/220px-Whales_Bubble_Net_Feeding-edit1.jpeg,"A group of humpback whales is breaching with their mouths open in the ocean, with a seagull flying overhead.",travel,Is the image taken by a professional?,"Context: travel Description: A group of humpback whales is breaching with their mouths open in the ocean, with a seagull flying overhead. Question: Is the image taken by a professional?","Yes, the image is taken by a professional photographer, as it captures the whales in a dynamic and","['No, the image appears to be an amateur photograph.', 'Judging from my untrained eye it does look like a professional took this picture', 'yes it looks like a professional image']"
50,images/travel/30208.jpg,"Aerial city view at dusk, with historic buildings under a pastel-hued sky.",social_media,how high is the aerial view,"Context: social_media Description: Aerial city view at dusk, with historic buildings under a pastel-hued sky. Question: how high is the aerial view","The aerial view is taken from a high vantage point, providing a clear and expansive perspective of the","['From the rooftop of a medium-tall building. ', 'The aerial view is taken from the perspective of a tall building.', 'the view looks like it is from the roof of a 8 story building']"
51,images/science_journals/Common_stingray_tenerife.jpeg,"A stingray blends into sandy ocean bottom, its shape barely discernible except for two eyes and a slender tail.",travel,Is there anything in the background?,"Context: travel Description: A stingray blends into sandy ocean bottom, its shape barely discernible except for two eyes and a slender tail. Question: Is there anything in the background?","Yes, there is a tree in the background.","['Sand that makes up the ocean floor.', 'Nothing notable in the background, just rocks / sand.', ""There appear to be two or three rocks near the stingray's tail. There also appear to be traces of clay within the sand.""]"
52,images/health/440px-Jogging_Woman_in_Grass.jpeg,"A woman in athletic wear jogs on a hilltop, with her hair flowing behind her. In the distance, a foggy landscape provides a serene backdrop.",social_media,Does the woman notice the picture is being taken?,"Context: social_media Description: A woman in athletic wear jogs on a hilltop, with her hair flowing behind her. In the distance, a foggy landscape provides a serene backdrop. Question: Does the woman notice the picture is being taken?","It is not possible to determine from the image whether the woman is aware that her picture is being taken. However,","[""No, she doesn't appear to notice."", 'no she does not', ""I'm going to assume that women way paid to exercise for this picture otherwise it'd be rude to take a photo of a stranger ""]"
53,images/shopping/685px-Sofa3800ppx.jpeg,"A beige sofa with four decorative pillows: two green with distinct patterns, one with a blend of muted colors, and a floral print cushion.",shopping,What do the patterns look like?,"Context: shopping Description: A beige sofa with four decorative pillows: two green with distinct patterns, one with a blend of muted colors, and a floral print cushion. Question: What do the patterns look like?","The two green pillows have distinct patterns, while the cushion with a blend of muted colors has","['The patterns are floral ', 'The patterns have a floral look took them for two of the pillows but the rest are too generic to give them a proper description', 'there are 2 floral patterns, one striped pattern, and one embroidered pattern']"
54,images/science_journals/Scyliorhinus_canicula_foetus_in_an_egg.jpeg,"A translucent egg case, possibly of a shark or ray, with a visible embryo inside, attached to a branch under water.",science_journals,What details of the embryo can be seen?,"Context: science_journals Description: A translucent egg case, possibly of a shark or ray, with a visible embryo inside, attached to a branch under water. Question: What details of the embryo can be seen?","In the image, the embryo inside the translucent egg case is visible, showing its shape and possibly","['The head and body of the embryo can be seen.', 'You can see the outline of the embryo pressed up against the case.', 'There is a head, mouth, body, and some fins. There is a tube connecting the body to a sac']"
55,"images/travel/Hiking_to_the_Ice_Lakes._San_Juan_National_Forest,_Colorado.jpg",A person hiking on a winding trail through a lush green forest with tall pine trees. Majestic snow-capped mountains rise in the distance.,health,What else is on the trail?,Context: health Description: A person hiking on a winding trail through a lush green forest with tall pine trees. Majestic snow-capped mountains rise in the distance. Question: What else is on the trail?,"In addition to the person hiking on the winding trail, there is a backpack on the trail.","['There are plants and greenery lining the trail.  The trail is a dirt path. There is nothing else on the trail.', 'The trail itself only has the hiker on it, but beside the trail is short bright green foliage. ', 'The trail appears to consist of rocks and dirt.']"
56,images/news/Astronauts_in_weightlessness.jpeg,"People in blue uniforms float inside a plane's cabin, experiencing zero gravity.",news,Are these people astronauts?,"Context: news Description: People in blue uniforms float inside a plane's cabin, experiencing zero gravity. Question: Are these people astronauts?","Yes, these people are astronauts, as they are wearing blue uniforms and are experiencing zero gravity","['Yes, they are astronauts.', 'They are most likely astronauts because they are in outer space', 'based on the image and zero gravity, they look like astronauts']"
57,images/news/Astronauts_in_weightlessness.jpeg,"People in blue uniforms float inside a plane's cabin, experiencing zero gravity.",news,Are they in a centrifuge? ,"Context: news Description: People in blue uniforms float inside a plane's cabin, experiencing zero gravity. Question: Are they in a centrifuge? ","No, the people in blue uniforms are not in a centrifuge. They are experiencing zero gravity inside","[""No, they're in a hollowed-out diving airplane."", 'They are not, they are in a spaceship', 'Yes they seem to be in a centrifuge. ']"
58,images/health/Foods_(cropped).jpeg,"A variety of fresh fruits, vegetables, and nuts are arranged on a wooden surface. There's a basket of apples, a watermelon slice, and grains.",social_media,What type of grains are there?,"Context: social_media Description: A variety of fresh fruits, vegetables, and nuts are arranged on a wooden surface. There's a basket of apples, a watermelon slice, and grains. Question: What type of grains are there?","The image shows a variety of grains, including rice, wheat, and barley.","['Buckwheat, oats, wheat, rice , corn ', 'wheat, rice or possibly quinoa', 'There is wheat and possibly some other grains in ground form']"
59,images/science_journals/Scyliorhinus_canicula_foetus_in_an_egg.jpeg,"A translucent egg case, possibly of a shark or ray, with a visible embryo inside, attached to a branch under water.",science_journals,is the picture black and white or in color,"Context: science_journals Description: A translucent egg case, possibly of a shark or ray, with a visible embryo inside, attached to a branch under water. Question: is the picture black and white or in color","The picture is in color, showing the translucent egg case and the embryo inside.","['The picture is in color', 'The picture is in color', 'It is in color.']"
60,images/health/440px-Jogging_Woman_in_Grass.jpeg,"A woman in athletic wear jogs on a hilltop, with her hair flowing behind her. In the distance, a foggy landscape provides a serene backdrop.",health,What color is the clothes that they are wearing?,"Context: health Description: A woman in athletic wear jogs on a hilltop, with her hair flowing behind her. In the distance, a foggy landscape provides a serene backdrop. Question: What color is the clothes that they are wearing?",The woman in the image is wearing black clothes.,"['black sports bra, black pants, blue at waistband', 'The woman has a black sports bra and blue and black pants', 'Black sports bra and black pants, with a blue towel or shirt hanging from her waist ']"
61,images/science_journals/Scyliorhinus_canicula_foetus_in_an_egg.jpeg,"A translucent egg case, possibly of a shark or ray, with a visible embryo inside, attached to a branch under water.",science_journals,What color is the water?,"Context: science_journals Description: A translucent egg case, possibly of a shark or ray, with a visible embryo inside, attached to a branch under water. Question: What color is the water?",The water is blue.,"['The water appears blue in the photo.', 'The water is blue.', 'the water is blue']"
62,images/news/Astronauts_in_weightlessness.jpeg,"People in blue uniforms float inside a plane's cabin, experiencing zero gravity.",news,Why are they experiencing no gravity?,"Context: news Description: People in blue uniforms float inside a plane's cabin, experiencing zero gravity. Question: Why are they experiencing no gravity?",The people in the image are experiencing zero gravity because they are inside an airplane that is flying high above the,"['After the airplane gains enough altitude, it takes a dive at a certain decline. This causes the cabin to have a zero gravity atmosphere which causes people and things to float around in it.', 'They are astronauts in a space simulator. ', 'Because they are in space and there is no gravity there']"
63,images/health/Foods_(cropped).jpeg,"A variety of fresh fruits, vegetables, and nuts are arranged on a wooden surface. There's a basket of apples, a watermelon slice, and grains.",social_media,What grains are visible?,"Context: social_media Description: A variety of fresh fruits, vegetables, and nuts are arranged on a wooden surface. There's a basket of apples, a watermelon slice, and grains. Question: What grains are visible?","In the image, there are two types of grains visible: rice and wheat.","['They appear to be stalks of wheat.', 'Rice and wheat']"
64,images/science_journals/Geographic_Southpole_crop.jpeg,"A white sign marks the South Pole with an American flag alongside, on a vast, snowy expanse.",news,How big is the sign?,"Context: news Description: A white sign marks the South Pole with an American flag alongside, on a vast, snowy expanse. Question: How big is the sign?","The sign is relatively small, as it is described as a ""little sign"" in the image.","['smaller than the flag pole the flag is anchored to.', 'The sign is approximately 3 feet tall and 4 feet wide', 'The sign is small.']"
65,images/shopping/Virti_vaghani.jpeg,"A woman with long brown hair in a blue traditional outfit with jewelry, smiling in an ornate building.",shopping,What type of building is she standing in?,"Context: shopping Description: A woman with long brown hair in a blue traditional outfit with jewelry, smiling in an ornate building. Question: What type of building is she standing in?","The woman is standing in an ornate building, which could be a historical or cultural site, a museum, or","['She is standing in a beautiful building. It has intricate architectural designs on the wall. ', 'She is standing in a ornate building']"
66,images/health/Walking_for_Health_in_Epsom-5Aug2009_(3).jpeg,"A group of people of various ages walking in line along a grassy path, with trees on one side.",travel,how many people,"Context: travel Description: A group of people of various ages walking in line along a grassy path, with trees on one side. Question: how many people",There are several people walking in line along the grassy path.,"['About 25 to 30.', 'There are at least 21 people; there could be as many as 25.', 'Around 20 people are in the image. ']"
67,"images/news/Rally_Against_Asset_Sales,_Palmerston_North,_14_July_2012_07.jpeg","A group of people marching in a line along a park path, some carrying signs or umbrellas, on an overcast day.",travel,What are the expressions on the people?,"Context: travel Description: A group of people marching in a line along a park path, some carrying signs or umbrellas, on an overcast day. Question: What are the expressions on the people?","The people in the image are walking in a line, and their expressions are not clearly visible. However, considering the","['It is hard to tell, but they are protesting something so their expressions probably show anger or determination.', 'The expressions on the faces of the people marching vary, reflecting a range of emotions. ']"
68,images/shopping/Electric_kettle.jpeg,"A blue, transparent electric kettle filled with water, showing bubbles as it boils, on a white base with a blank background.",shopping,How large is the kettle?,"Context: shopping Description: A blue, transparent electric kettle filled with water, showing bubbles as it boils, on a white base with a blank background. Question: How large is the kettle?",The kettle is described as small in size.,"['The kettle looks normal like the regular electric kettle.', 'the size of a watermelon', 'The electric kettle is of a moderate size, featuring a design that allows visibility through its blue transparent exterior. ']"
69,images/travel/2550.jpg,A busy beach scene with colorful kayaks laid out on sand and people milling around.,travel,Do you see any pets on the beach?,Context: travel Description: A busy beach scene with colorful kayaks laid out on sand and people milling around. Question: Do you see any pets on the beach?,"Yes, there is a dog on the beach.","['no i do not see any pets on the beach', 'No.', 'I don´t see any pets']"
70,images/science_journals/Wildland_Firefighter.jpeg,"A firefighter in yellow gear directs a hose at vegetation, presumably to extinguish or prevent a fire.",news,what caused the fire on the vegetation?,"Context: news Description: A firefighter in yellow gear directs a hose at vegetation, presumably to extinguish or prevent a fire. Question: what caused the fire on the vegetation?","While the image shows a firefighter in yellow gear directing a hose at vegetation, it","['there is no noticeable fire on the vegetation', 'It appears to be a forest fire and was likely started by lightening or an unattended campfire.']"
71,images/health/Amanda_Francozo_At_The_Runner_Sports-5.jpeg,"A woman in a yellow tank top and black shorts is exercising on a gym machine, with other gym equipment and patrons in the background.",health,What type of gym machine is she exercizing on?,"Context: health Description: A woman in a yellow tank top and black shorts is exercising on a gym machine, with other gym equipment and patrons in the background. Question: What type of gym machine is she exercizing on?",The woman is exercising on a leg press machine.,"['A leg lift machine for calf muscles.', 'The machine is made for runners to stretch their hamstrings. ', ""I don't know the name of the equipment but it looks like some type of resistance training for legs""]"
72,images/science_journals/STS-130_Endeavour_flyaround_5.jpeg,"The International Space Station orbits Earth, with solar panels extended, against the backdrop of our planet’s curve.",news,What shape is the ISS?,"Context: news Description: The International Space Station orbits Earth, with solar panels extended, against the backdrop of our planet’s curve. Question: What shape is the ISS?","The International Space Station (ISS) is shaped like a large, elongated cylinder.","['The ISS is a complex structure that is made up of canisters, spheres, beams, and wide panels.  ', 'The ISS has a distinct modular and elongated shape. ', 'The ISS is shaped like a T with extended wings at the left and right end of the T']"
73,images/health/Foods_(cropped).jpeg,"A variety of fresh fruits, vegetables, and nuts are arranged on a wooden surface. There's a basket of apples, a watermelon slice, and grains.",shopping,What kind of vegetables are on the surface?,"Context: shopping Description: A variety of fresh fruits, vegetables, and nuts are arranged on a wooden surface. There's a basket of apples, a watermelon slice, and grains. Question: What kind of vegetables are on the surface?","The image shows a variety of vegetables on the wooden surface, including carrots, broccoli, and","['There are green beans, bell pepper, cabbage, carrots, yellow squash, along with a few others on the surface.', 'There are many vegetables like carrots, potatoes, tomatoes, peppers and leafy greens.', 'there are carrots, potatoes, peppers, brogcoli, zucchini, spinach,red cabbage and corn']"
74,images/science_journals/Hobby_Fotografen_(_Chobe_2018).jpeg,"A group of people on a flatboat tour, seated under a canopy, cruising close to a riverbank.",social_media,what are the people wearing?,"Context: social_media Description: A group of people on a flatboat tour, seated under a canopy, cruising close to a riverbank. Question: what are the people wearing?","The people on the boat are wearing casual clothing, suitable for a leisurely outing on","['The photo is very blurry but it appears to me they are wearing casual clothing and some are wearing hats. ', 'The people on the flatboat tour are wearing casual attire suitable for a leisurely cruise. ', ' wooden logs']"
75,images/science_journals/260px-Tidepools_Small.jpeg,"A tide pool with marine life, including sea anemones and algae, nestled among rocks.",science_journals,What color is the water?,"Context: science_journals Description: A tide pool with marine life, including sea anemones and algae, nestled among rocks. Question: What color is the water?",The water in the tide pool is a mix of green and brown.,"['Because of the algea and coral structures, the water is many different shades including teal, pink, light violet, and light green.', 'clear light blue', 'The water in the tide pool is likely to exhibit various shades of blue and green.']"
76,images/health/2456.jpg,A bowl of Asian noodle salad with vegetables and herbs.,health,What kind of colors and vegetables make up the salad?,Context: health Description: A bowl of Asian noodle salad with vegetables and herbs. Question: What kind of colors and vegetables make up the salad?,"The salad in the image is a mix of various colors and vegetables. It includes white noodles,","['Green, white, orange; broccoli, carrots and mushrooms', 'a translucent white vegetable along with some greens and reds', 'White, green, red, brown. Onion, pepper, mushrooms']"
77,images/travel/26005.jpg,"A bustling street festival with colorful crowds, smoke from the street, mountains in the backdrop, and a clear blue sky.",news,Do the mountains have snow on them?,"Context: news Description: A bustling street festival with colorful crowds, smoke from the street, mountains in the backdrop, and a clear blue sky. Question: Do the mountains have snow on them?","Yes, the mountains in the background have snow on them.","['Some of the mountains do have snow on them', 'Yes, one of the mountains has a small patch of snow at the top', 'YES']"
78,images/science_journals/Scyliorhinus_canicula_foetus_in_an_egg.jpeg,"A translucent egg case, possibly of a shark or ray, with a visible embryo inside, attached to a branch under water.",science_journals,How big is the embryo?,"Context: science_journals Description: A translucent egg case, possibly of a shark or ray, with a visible embryo inside, attached to a branch under water. Question: How big is the embryo?","The embryo inside the egg case is quite small, indicating that it is still in the early stages of development","[""The embryo looks very large but it's hard to tell because there is nothing to compare it to"", 'The embryo is smaller than a bottle of wine.']"
79,images/social_media/170px-Baked_goods.jpeg,Baskets of fresh baked rolls and cornbread with honey on the side.,health,Is there any text in the scene about the honey being local?,Context: health Description: Baskets of fresh baked rolls and cornbread with honey on the side. Question: Is there any text in the scene about the honey being local?,"Yes, there is a sign in the scene that says the honey is local.","['No there is no text', 'There is no text', 'No']"
80,images/science_journals/Shaki_Waterfall2.jpeg,A majestic waterfall cascades over rocks surrounded by lush greenery.,health,Is it a tall waterfall?,Context: health Description: A majestic waterfall cascades over rocks surrounded by lush greenery. Question: Is it a tall waterfall?,"Yes, it is a tall waterfall, as it is described as a ""tall waterfall"" in the","['The waterfall looks to be medium-length. ', 'Yes, the waterfall goes down a cliff and  is about 20m tall.', 'yes, the waterfall in the image is indeed tall. It cascades majestically over rocks, surrounded by lush greenery. ']"
81,images/science_journals/Scyliorhinus_canicula_foetus_in_an_egg.jpeg,"A translucent egg case, possibly of a shark or ray, with a visible embryo inside, attached to a branch under water.",science_journals,What is the size of the egg case i.e. how does it compare to the size of a chicken egg?,"Context: science_journals Description: A translucent egg case, possibly of a shark or ray, with a visible embryo inside, attached to a branch under water. Question: What is the size of the egg case i.e. how does it compare to the size of a chicken egg?","The egg case in the image is quite large, as it is described as a ""giant"" egg case.","['The egg case is much longer than a chicken egg.', ""The size of the egg case is about 8 inches and it's oblong shape."", 'It´s a little bigger']"
82,"images/health/CWV_(427_of_544)_-_FRIYAY_Roux_Fitness,_Jefferson_Louisiana_April_2022.jpeg",A group of people are working out on indoor rowing machines at a gym.,social_media,What kind of clothes are they wearing?,Context: social_media Description: A group of people are working out on indoor rowing machines at a gym. Question: What kind of clothes are they wearing?,"The people in the image are wearing workout clothes, which are typically designed for comfort and ease of movement during","['The people are mostly wearing workout clothes, such as shorts, t-shirts, tank tops, and tennis shoes. ', 'Typical gym attire. Tank tops, yoga pants, plain tees, and gym shorts.', 'The people are wearing work out clothing.']"
83,images/science_journals/STS41B-35-1613_-_Bruce_McCandless_II_during_EVA_(Retouched).jpeg,An astronaut in a white space suit floats in space with Earth's blue horizon in the background.,news,"What else can be seen in the background, ie. stars, the sun, etc?","Context: news Description: An astronaut in a white space suit floats in space with Earth's blue horizon in the background. Question: What else can be seen in the background, ie. stars, the sun, etc?","In the background, you can see the Earth's blue horizon, which indicates that the astronaut is in space","['You can see what looks like to be earths waters.', 'nothing else apart from the astronaut and the earth', 'The only things in the background are the black emptiness of space and a part of the earth below it']"
84,images/science_journals/STS-130_Endeavour_flyaround_5.jpeg,"The International Space Station orbits Earth, with solar panels extended, against the backdrop of our planet’s curve.",news,What color is the ISS?,"Context: news Description: The International Space Station orbits Earth, with solar panels extended, against the backdrop of our planet’s curve. Question: What color is the ISS?",The International Space Station (ISS) is white in color.,"['It is colorless or either white', 'The ISS shows as silver and gray, based on lighting. ', 'i believe it is silver and white']"
85,images/health/Foods_(cropped).jpeg,"A variety of fresh fruits, vegetables, and nuts are arranged on a wooden surface. There's a basket of apples, a watermelon slice, and grains.",social_media,What veggies are visible?,"Context: social_media Description: A variety of fresh fruits, vegetables, and nuts are arranged on a wooden surface. There's a basket of apples, a watermelon slice, and grains. Question: What veggies are visible?","In the image, there are several visible vegetables, including broccoli, carrots, and tomatoes","['carrots, peas. corn, greens, etc.', 'Vegetables present are lettuce, green beans, corn, broccoli, and onions, among others.', 'Vegetables shown include corn on the cob, tomatoes, potatoes, carrots, green beans, squash, broccoli, green bell peppers, and green leaf lettuce.']"
86,"images/travel/Hiking_to_the_Ice_Lakes._San_Juan_National_Forest,_Colorado.jpg",A person hiking on a winding trail through a lush green forest with tall pine trees. Majestic snow-capped mountains rise in the distance.,health,Is there any fencing?,Context: health Description: A person hiking on a winding trail through a lush green forest with tall pine trees. Majestic snow-capped mountains rise in the distance. Question: Is there any fencing?,"No, there is no fencing in the image. The focus is on the person hiking on the trail","['No, there does not appear to be any fencing present as it appears to be taken in nature.', 'No there does not appear to be any fencing. It is just an open trail.', 'Based on the image, the path is strictly open with no fencing on the path.']"
87,images/science_journals/Wildland_Firefighter.jpeg,"A firefighter in yellow gear directs a hose at vegetation, presumably to extinguish or prevent a fire.",science_journals,What vegetation is there?,"Context: science_journals Description: A firefighter in yellow gear directs a hose at vegetation, presumably to extinguish or prevent a fire. Question: What vegetation is there?","In the image, there is a tree and some bushes in the background. The firefighter is using","['There are a lot of trees with thin branches in a populated forest.', 'Dense trees. ', 'There appears to be trees and undergrowth typical to a forest.']"
88,images/travel/440px-Naufragio_por_Gustavo_Gerdel.jpeg,"A diver explores a sunken shipwreck near a coral reef underwater, the diver has a pair of swimming flippers on and is wearing an oxygen tank. The image is shown to be underwater.",shopping,What color are the swimming flippers?,"Context: shopping Description: A diver explores a sunken shipwreck near a coral reef underwater, the diver has a pair of swimming flippers on and is wearing an oxygen tank. The image is shown to be underwater. Question: What color are the swimming flippers?",The swimming flippers are blue.,"['The flippers are blue', 'The swimming flippers are blue.', 'The swimming flippers are blue and black']"
89,images/shopping/Recording_artist_Leigh_Jones_entertained_troops_at_Fort_Belvoir_090501_(4920457551).jpeg,"A woman with tousled hair sits on a rock in a desert setting with a hint of the sky behind her, gazing to the side. She wears a white knitted sweater and ripped jeans, with sun casting a warm glow.",travel,Are there any plants around?,"Context: travel Description: A woman with tousled hair sits on a rock in a desert setting with a hint of the sky behind her, gazing to the side. She wears a white knitted sweater and ripped jeans, with sun casting a warm glow. Question: Are there any plants around?","Yes, there are plants around the woman. She is sitting on a rock in a desert setting, which typically has","['There are no plants nearby.', 'There are no plants around']"
90,images/science_journals/Arctocephalus_Pusillus_Pusillus.jpeg,A colony of seals lounges on rocky terrain near the water's edge.,social_media,Are there any in the water?,Context: social_media Description: A colony of seals lounges on rocky terrain near the water's edge. Question: Are there any in the water?,"Yes, there are seals in the water as well as on the rocks.","['It looks like there could be some in the water.', 'I think those specs in the background may be more seals, if they are then there are lots of seals in the water.', 'There are no seals in the water']"
91,images/science_journals/Scyliorhinus_canicula_foetus_in_an_egg.jpeg,"A translucent egg case, possibly of a shark or ray, with a visible embryo inside, attached to a branch under water.",science_journals,How big is the branch?,"Context: science_journals Description: A translucent egg case, possibly of a shark or ray, with a visible embryo inside, attached to a branch under water. Question: How big is the branch?","The branch is relatively small, as it can support the weight of the translucent egg case and the embry","['The branch is not that big but it is able to hold the egg', 'the branch is small.', 'It is hard to tell because it is underwater and it is unknown by the picture just how big or small the egg case is.']"
92,images/science_journals/Arctocephalus_Pusillus_Pusillus.jpeg,A colony of seals lounges on rocky terrain near the water's edge.,social_media,How many seals are there?,Context: social_media Description: A colony of seals lounges on rocky terrain near the water's edge. Question: How many seals are there?,"There are several seals in the image, but I cannot provide an exact number without more specific information.","['There are 11 seals', 'There are a lot of seals in this picture']"
93,images/science_journals/200px-Hot_air_balloon_over_a_pagoda_in_Bagan.jpeg,A hot air balloon flies over a verdant landscape dotted with ancient temples at sunrise.,travel,What color is the balloon,Context: travel Description: A hot air balloon flies over a verdant landscape dotted with ancient temples at sunrise. Question: What color is the balloon,The balloon is red.,"['red', 'the hot air balloon is orange', 'light brown']"
94,images/science_journals/Scyliorhinus_canicula_foetus_in_an_egg.jpeg,"A translucent egg case, possibly of a shark or ray, with a visible embryo inside, attached to a branch under water.",science_journals,what are the colors like ,"Context: science_journals Description: A translucent egg case, possibly of a shark or ray, with a visible embryo inside, attached to a branch under water. Question: what are the colors like ","The colors in the image are predominantly blue, with the egg case being translucent and allowing the emb","['The sac is a mild see through yellow', 'The egg case and embryo are a translucent yellow.', 'The colors are yellow tending to orange.']"
95,images/social_media/Model_Posing_On_Typical_Studio_Set.jpeg,"A model poses in a photo studio with lighting equipment, wearing a black outfit and black boots boots, she is a dirty blonde color and is staring directly at the camera.",news,Is there a stage in the photo?,"Context: news Description: A model poses in a photo studio with lighting equipment, wearing a black outfit and black boots boots, she is a dirty blonde color and is staring directly at the camera. Question: Is there a stage in the photo?","No, there is no stage in the photo. The model is posing in a photo studio with lighting equipment","['No there is no stage in the photo.', 'No, there is no scenery in the photo.']"
96,images/news/220px-Whales_Bubble_Net_Feeding-edit1.jpeg,"A group of humpback whales is breaching with their mouths open in the ocean, with a seagull flying overhead.",travel,are they shooting water out of their back?,"Context: travel Description: A group of humpback whales is breaching with their mouths open in the ocean, with a seagull flying overhead. Question: are they shooting water out of their back?","Yes, the humpback whales are shooting water out of their backs as they breach in the ocean","['No, the water is sliding off their skin.', 'No the whales backs are still in the water.', 'No they are not. ']"
97,images/shopping/Virti_vaghani.jpeg,"A woman with long brown hair in a blue traditional outfit with jewelry, smiling in an ornate building.",shopping,What kind of building does it look like?  Government type?  Library type?  Colorful?  Just grey?,"Context: shopping Description: A woman with long brown hair in a blue traditional outfit with jewelry, smiling in an ornate building. Question: What kind of building does it look like?  Government type?  Library type?  Colorful?  Just grey?","Based on the image, it is difficult to definitively determine the type of building the woman is standing in. However","['The building is a sandstone color. Subject is leaning against a pillar with ornate molding patterns carved into it, standing just outside an arched entryway.', 'It looks like a public building or the exterior of a large house, it is a warm beige color.', 'Colorful type building, hard to tell what it is but there is lovely architecture. ']"
98,images/science_journals/Geographic_Southpole_crop.jpeg,"A white sign marks the South Pole with an American flag alongside, on a vast, snowy expanse.",news,Is it actively snowing?,"Context: news Description: A white sign marks the South Pole with an American flag alongside, on a vast, snowy expanse. Question: Is it actively snowing?","No, it is not actively snowing in the image. The snowy expanse is simply covered in snow","[""No, it doesn't appear to be snowing"", 'no i think it snowed maybe 5hrs ago', 'No, it is not snowing in the image.']"
99,images/science_journals/Wildland_Firefighter.jpeg,"A firefighter in yellow gear directs a hose at vegetation, presumably to extinguish or prevent a fire.",science_journals,Is the firefighter in the woods or in a suburb?,"Context: science_journals Description: A firefighter in yellow gear directs a hose at vegetation, presumably to extinguish or prevent a fire. Question: Is the firefighter in the woods or in a suburb?","The firefighter is in the woods, as they are using a hose to direct water at the veget","['his in the woods', 'They are in the woods. ', 'Firefighter is most likely in the woods as they are surrounded by trees']"
100,images/travel/440px-Naufragio_por_Gustavo_Gerdel.jpeg,"A diver explores a sunken shipwreck near a coral reef underwater, the diver has a pair of swimming flippers on and is wearing an oxygen tank. The image is shown to be underwater.",travel,How deep underwater is the diver?,"Context: travel Description: A diver explores a sunken shipwreck near a coral reef underwater, the diver has a pair of swimming flippers on and is wearing an oxygen tank. The image is shown to be underwater. Question: How deep underwater is the diver?","It is difficult to determine the exact depth of the diver from the image alone. However, since the diver is expl","[""As the diver is not wearing a full diving suit but still needs an oxygen tank, the diver should be somewhere around 50-100ft down. Sunlight is also reaching the bottom which indicates that it shouldn't be too deep"", 'The diver seems to be very deep in the ocean almost at the bottom of the sea', 'At the bottom of the ocean, hitting the coral reef.']"
101,images/travel/Water_skiing_on_the_yarra02.jpeg,"A person in a red and white suit is water skiing on a river, creating a spray of water.",shopping,What is the focal point of the image?,"Context: shopping Description: A person in a red and white suit is water skiing on a river, creating a spray of water. Question: What is the focal point of the image?","The focal point of the image is the person in the red and white suit water skiing on the river,","['The focal point of the image is the person, likely a male, who is being pulled on water skis  ', 'The focal point of the image is the person skiing on the river.', 'Just below the white tether the person is holding onto, slightly to the left of the person in the image.']"
102,images/health/440px-Jogging_Woman_in_Grass.jpeg,"A woman in athletic wear jogs on a hilltop, with her hair flowing behind her. In the distance, a foggy landscape provides a serene backdrop.",social_media,Describe what the athletic wear looks like?,"Context: social_media Description: A woman in athletic wear jogs on a hilltop, with her hair flowing behind her. In the distance, a foggy landscape provides a serene backdrop. Question: Describe what the athletic wear looks like?",The athletic wear the woman is wearing consists of a black shirt and black pants.,"['JOGGERS', 'The woman is wearing a skimpy sports top (sleeveless, bare midriff) with long, dark jogger pants.', 'The sports wear is a black sports bra paired with black and blue leggings.']"
103,images/travel/30208.jpg,"Aerial city view at dusk, with historic buildings under a pastel-hued sky.",social_media,Is the city lit up well?,"Context: social_media Description: Aerial city view at dusk, with historic buildings under a pastel-hued sky. Question: Is the city lit up well?","Yes, the city is well-lit, with the lights from the buildings and streetlights creating a vibr","['City is not lit up at all. ', 'The city is not lit up well.   The dusk shows plenty of daylight left, so the lights may not have come on yet.', 'No, the buildings do not appear to have lights on.']"
104,images/science_journals/Common_stingray_tenerife.jpeg,"A stingray blends into sandy ocean bottom, its shape barely discernible except for two eyes and a slender tail.",science_journals,is the image taken in the wild?,"Context: science_journals Description: A stingray blends into sandy ocean bottom, its shape barely discernible except for two eyes and a slender tail. Question: is the image taken in the wild?","Yes, the image is taken in the wild, as it shows a stingray blending into the sandy","['Yes, the image is taken on the bottom of the ocean floor.', ""It looks to be in the wild, because it's a sandy ocean bottom. "", 'It seems like the image was mostly taken in the wild.']"
105,images/shopping/Recording_artist_Leigh_Jones_entertained_troops_at_Fort_Belvoir_090501_(4920457551).jpeg,"A woman with tousled hair sits on a rock in a desert setting with a hint of the sky behind her, gazing to the side. She wears a white knitted sweater and ripped jeans, with sun casting a warm glow.",travel,Are there any sand dunes?,"Context: travel Description: A woman with tousled hair sits on a rock in a desert setting with a hint of the sky behind her, gazing to the side. She wears a white knitted sweater and ripped jeans, with sun casting a warm glow. Question: Are there any sand dunes?","Yes, there are sand dunes in the background of the image, adding to the desert setting.","['She is in a desert so there are probably dunes', 'Background is minimal and blurred.', 'In the image there is flat sandy shore with no hills or dunes in sight.']"
106,images/social_media/Model_Posing_On_Typical_Studio_Set.jpeg,"A model poses in a photo studio with lighting equipment, wearing a black outfit and black boots boots, she is a dirty blonde color and is staring directly at the camera.",shopping,What kind of outfit is the model wearing?,"Context: shopping Description: A model poses in a photo studio with lighting equipment, wearing a black outfit and black boots boots, she is a dirty blonde color and is staring directly at the camera. Question: What kind of outfit is the model wearing?","The model is wearing a black outfit, which includes a black shirt and black boots.","['The mode is wearing a black romper with knee high boots and a shawl around their arms', 'The model is earring knee-high black boots, small, tight black shorts, a sleeveless black tank-top, and has a fur shawl.', 'The model is wearing something resembling a leotard, except that this one has bottoms reaching the models thighs. Has a scarf wrapped around both arms from behind the back and is wearing big high heel boots. Entire outfit is black other than the scarf which is silver. ']"
107,images/health/Foods_(cropped).jpeg,"A variety of fresh fruits, vegetables, and nuts are arranged on a wooden surface. There's a basket of apples, a watermelon slice, and grains.",social_media,Are there any specific type of nuts?,"Context: social_media Description: A variety of fresh fruits, vegetables, and nuts are arranged on a wooden surface. There's a basket of apples, a watermelon slice, and grains. Question: Are there any specific type of nuts?","Yes, there are pecans among the nuts displayed in the image.","['There are pecans and walnuts on a wooden board', 'It looks like there are pecans and walnuts', 'No, there is not any nuts.']"
108,images/shopping/Recording_artist_Leigh_Jones_entertained_troops_at_Fort_Belvoir_090501_(4920457551).jpeg,"A woman with tousled hair sits on a rock in a desert setting with a hint of the sky behind her, gazing to the side. She wears a white knitted sweater and ripped jeans, with sun casting a warm glow.",shopping,Is this an ad.,"Context: shopping Description: A woman with tousled hair sits on a rock in a desert setting with a hint of the sky behind her, gazing to the side. She wears a white knitted sweater and ripped jeans, with sun casting a warm glow. Question: Is this an ad.","Yes, this is an ad. The woman is posing in a desert setting with a hint of the sky behind","['Yes, this appears to be an ad for clothing.', 'This could be an add for either vacation on the beach or casual clothing', 'Yes']"
109,images/travel/440px-Naufragio_por_Gustavo_Gerdel.jpeg,"A diver explores a sunken shipwreck near a coral reef underwater, the diver has a pair of swimming flippers on and is wearing an oxygen tank. The image is shown to be underwater.",travel,How deep is the ocean does it look to be.,"Context: travel Description: A diver explores a sunken shipwreck near a coral reef underwater, the diver has a pair of swimming flippers on and is wearing an oxygen tank. The image is shown to be underwater. Question: How deep is the ocean does it look to be.","Based on the image, it is difficult to determine the exact depth of the ocean. However, the presence of a","['Fairly deep at a sea bed.', 'It looks fairly deep. This is where a boat sunk to the bottom but I cannot give an exact numerical depth. ', 'The ocean looks to be about 20 ft. deep.']"
110,images/health/Foods_(cropped).jpeg,"A variety of fresh fruits, vegetables, and nuts are arranged on a wooden surface. There's a basket of apples, a watermelon slice, and grains.",shopping,What kind of fruits are in the picture?,"Context: shopping Description: A variety of fresh fruits, vegetables, and nuts are arranged on a wooden surface. There's a basket of apples, a watermelon slice, and grains. Question: What kind of fruits are in the picture?","In the picture, there are apples, a watermelon slice, and a variety of other fruits","['In addition to the apples and watermelon, there are lemons, green and purple grapes, peaches, raspberries and blueberries.', ""The fruits in the image are watermelon ,apples ,peaches ,grapes ,melon ,raspberries ,blackberries and tomato's if the user considers them fruits.  "", 'There are bananas, watermelon, grapes, cantaloup, and apples. ']"
111,images/health/440px-Jogging_Woman_in_Grass.jpeg,"A woman in athletic wear jogs on a hilltop, with her hair flowing behind her. In the distance, a foggy landscape provides a serene backdrop.",social_media,What color are the athletic wear jogs?,"Context: social_media Description: A woman in athletic wear jogs on a hilltop, with her hair flowing behind her. In the distance, a foggy landscape provides a serene backdrop. Question: What color are the athletic wear jogs?",The athletic wear the woman is wearing is black.,"['Black jogging pants.', 'It is black with a blue stripe.', 'The athletic wear jogs are black ']"
112,images/health/Amanda_Francozo_At_The_Runner_Sports-5.jpeg,"A woman in a yellow tank top and black shorts is exercising on a gym machine, with other gym equipment and patrons in the background.",health,What is the woman's facial expression?,"Context: health Description: A woman in a yellow tank top and black shorts is exercising on a gym machine, with other gym equipment and patrons in the background. Question: What is the woman's facial expression?",The woman's facial expression is a frown.,"['Looking down and focused on her right leg lifting the gym equipment', 'Focused and paying attention', 'you can partially see her face and if anything, it looks focused on her work out']"
113,images/health/Foods_(cropped).jpeg,"A variety of fresh fruits, vegetables, and nuts are arranged on a wooden surface. There's a basket of apples, a watermelon slice, and grains.",shopping,What kind of nuts are on the surface?,"Context: shopping Description: A variety of fresh fruits, vegetables, and nuts are arranged on a wooden surface. There's a basket of apples, a watermelon slice, and grains. Question: What kind of nuts are on the surface?","The image shows a variety of nuts on the wooden surface, but without more specific details, it is not possible","['it looks like almonds ', 'the table has  on it  a  plenty variation of vegetable and fruits peaces.', 'Walnuts and brazil nuts']"
114,images/travel/Wdomenada2003b.jpeg,Two people cross-country skiing on a snow-covered slope with mountains in the distance.,travel,Is this something you think I could do with limited sight?,Context: travel Description: Two people cross-country skiing on a snow-covered slope with mountains in the distance. Question: Is this something you think I could do with limited sight?,"Yes, it is possible for someone with limited sight to cross-country ski on a snow-covered slope.","[""You could possibly do this with limited sight, but I wouldn't suggest it"", 'It probably would not be safe ', 'No, I do not think you could do this with limited sight']"
115,images/science_journals/200px-Mountain_gorilla_finger_detail.KMRA.jpg,"A gorilla rests its hand and head on a tree trunk, with it's eyes open",travel,How large is the tree for scale?,"Context: travel Description: A gorilla rests its hand and head on a tree trunk, with it's eyes open Question: How large is the tree for scale?","The tree trunk is large enough to support the gorilla's head and hand, indicating that it is","['The tree is thin but taller than the gorilla', 'Only a small portion of a tree is visable so it is hard to tell how big it is', ""Larger than the gorilla's hand and larger than the gorilla could hold from fingertip to palm.""]"
116,images/social_media/170px-Baked_goods.jpeg,Baskets of fresh baked rolls and cornbread with honey on the side.,social_media,How many rolls/cornbread are in the basket?,Context: social_media Description: Baskets of fresh baked rolls and cornbread with honey on the side. Question: How many rolls/cornbread are in the basket?,There are several rolls and cornbread in the basket.,"['8 in the basket, 2 on a plate ', 'There are at least eighteen, possibly more.', '18 pieces of bread and 4 brownies ']"
117,images/travel/440px-Naufragio_por_Gustavo_Gerdel.jpeg,"A diver explores a sunken shipwreck near a coral reef underwater, the diver has a pair of swimming flippers on and is wearing an oxygen tank. The image is shown to be underwater.",travel,What boy of water is this?,"Context: travel Description: A diver explores a sunken shipwreck near a coral reef underwater, the diver has a pair of swimming flippers on and is wearing an oxygen tank. The image is shown to be underwater. Question: What boy of water is this?",The image shows a diver exploring a sunken shipwreck near a coral reef underwater. The,"['The sea. It is unclear which one.', 'A diver in solo plunged into water with a  good transparency ']"
118,images/social_media/Model_Posing_On_Typical_Studio_Set.jpeg,"A model poses in a photo studio with lighting equipment, wearing a black outfit and black boots boots, she is a dirty blonde color and is staring directly at the camera.",news,What is she doing with the lighting equitment?,"Context: news Description: A model poses in a photo studio with lighting equipment, wearing a black outfit and black boots boots, she is a dirty blonde color and is staring directly at the camera. Question: What is she doing with the lighting equitment?","The model is posing in front of the lighting equipment, which is likely used to illuminate her and create","['She is posing to have her photo taken.', ""The lightning is making it easier for the camera to take a good picture of her, thus she's posing in the scene."", 'Posing underneath it.']"
119,images/science_journals/Scyliorhinus_canicula_foetus_in_an_egg.jpeg,"A translucent egg case, possibly of a shark or ray, with a visible embryo inside, attached to a branch under water.",science_journals,How shallow is the water that the branch is submerged under?,"Context: science_journals Description: A translucent egg case, possibly of a shark or ray, with a visible embryo inside, attached to a branch under water. Question: How shallow is the water that the branch is submerged under?","Based on the image, it is difficult to determine the exact depth of the water. However, the branch is sub","['The branch is fully submerged in the water with no land or sky present.', 'It is fully underwater.']"
120,images/science_journals/Scyliorhinus_canicula_foetus_in_an_egg.jpeg,"A translucent egg case, possibly of a shark or ray, with a visible embryo inside, attached to a branch under water.",science_journals,Is the egg case a certain color with transparency?,"Context: science_journals Description: A translucent egg case, possibly of a shark or ray, with a visible embryo inside, attached to a branch under water. Question: Is the egg case a certain color with transparency?","Yes, the egg case is a certain color with transparency. It is a clear, yellowish-white","['Yes, it is yellowish green.', 'it is transparent with the inside egg being yellow ', 'yes, the egg case is medium to dark yellow']"
121,images/travel/26005.jpg,"A bustling street festival with colorful crowds, smoke from the street, mountains in the backdrop, and a clear blue sky.",news,What is the weather like in that location? Is it hot or cold?,"Context: news Description: A bustling street festival with colorful crowds, smoke from the street, mountains in the backdrop, and a clear blue sky. Question: What is the weather like in that location? Is it hot or cold?","The weather in the location appears to be pleasant, with a clear blue sky and a backdrop of mountains. It","['It looks like it is a warm day with a few clouds in the sky. ', 'It seems to be warmish, but probably not hot. Most people are in light clothes like shorts and sleeveless, but some are in long sleeves and pants. ', 'the people are wearing summer clothes and and others are wearing long sleeves. one can say it is rather mild outside; not too hot or cold']"
